model	parameters	trainable_parameters	size_mb	sparsity	precision	accuracy	peak_memory	latency_mean_ms	latency_median_ms	latency_std_ms	latency_p50_ms	latency_p95_ms	latency_p99_ms	fps
teacher_pruned_50,93962,93962,0.35843658447265625,0.49875481577659053,torch.float32,0.8537,0.0,0.413225300000704,0.037186923701055814,0.4313967500002036,0.4313967500002036,0.44531029999325256,0.44718085999393226,2419.9873531419694
teacher_pruned_50,93962,93962,0.35843658447265625,0.49875481577659053,torch.float32,0.8537,0.0,0.36847374999888416,0.01614935223279698,0.3628130000015517,0.3628130000015517,0.39710114999707,0.4018938299968795,2713.897530022229
teacher_pruned_50,93962,93962,0.35843658447265625,0.49875481577659053,torch.float32,0.8537,0.0,0.3655348000011145,0.02949630036651135,0.3796925000006013,0.3796925000006013,0.3997829250001814,0.40060138499829917,2735.7176389141364
teacher_pruned_50,93962,93962,0.35843658447265625,0.0,torch.float32,0.8538,0.0,0.5528317000007519,0.01581266522188852,0.5608295000001817,0.5608295000001817,0.5693665749986394,0.569818914998541,1808.8687750695917
teacher_pruned_0.1,93962,93962,0.35843658447265625,0.10000213383407307,torch.float32,0.8538,0.0,0.5220885999951861,0.018209951708547067,0.5194309999933466,0.5194309999933466,0.552105249997112,0.5574314500059699,1915.383710751816
teacher_pruned_0.2,93962,93962,0.35843658447265625,0.20000426766814614,torch.float32,0.8538,0.0,0.5063965000081225,0.01295922458390521,0.5068747499899473,0.5068747499899473,0.5222042250316008,0.5235612450444023,1974.7371871329287
teacher_pruned_0.3,93962,93962,0.35843658447265625,0.3000064015022192,torch.float32,0.854,0.0,0.5233852500095963,0.02248272594754783,0.5176707500140765,0.5176707500140765,0.5572180000308435,0.5603824000281747,1910.6384828033745
teacher_pruned_0.4,93962,93962,0.35843658447265625,0.3999978661659269,torch.float32,0.856,0.0,0.5560311000153888,0.044511746806087577,0.546191000030376,0.546191000030376,0.6288077500321377,0.6535451500378258,1798.4605536854392
teacher_pruned_0.5,93962,93962,0.35843658447265625,0.5,torch.float32,0.8537,0.0,0.5590932499981136,0.0797204852198625,0.539786000008462,0.539786000008462,0.7063887749936838,0.7582757550109819,1788.6103972877047
teacher_pruned_0.6,93962,93962,0.35843658447265625,0.6000021338340731,torch.float32,0.8433,0.0,0.6692105999827618,0.14428901838755717,0.6965905000106432,0.6965905000106432,0.8485602249747899,0.8584744450032303,1494.2979086490247
teacher_pruned_0.7,93962,93962,0.35843658447265625,0.6999935984977809,torch.float32,0.7866,0.0,0.5846232500116457,0.13932268869657272,0.5239880000226549,0.5239880000226549,0.840250224984629,0.949866445002408,1710.5033027339914
teacher_pruned_0.8,93962,93962,0.35843658447265625,0.7999957323318538,torch.float32,0.3423,0.0,0.6021859500033315,0.11231430991083184,0.5348512500131619,0.5348512500131619,0.7696460500046669,0.7772172100034368,1660.6166251379123
teacher_pruned_0.9,93962,93962,0.35843658447265625,0.8999978661659269,torch.float32,0.1015,0.0,0.5175223499973072,0.028581899731627964,0.509141250004177,0.509141250004177,0.5633281750015158,0.5811008349897747,1932.2836975160653
